CHR	SNP	BP	A1	TEST	NMISS	OR	SE	L95	U95	STAT	P
10	10:121426884	121426884	T	ADD	1838	0.4789	0.1515	0.3559	0.6444	-4.861	1,17E-03
4	4:111668626	111668626	A	ADD	1838	0.6572	0.1925	0.4507	0.9583	-2.181	0.02918
16	16:56990716	56990716	A	ADD	1838	1.211	0.1261	0.9458	1.55	1.518	0.129
5	5:110176128	110176128	T	ADD	1838	1.376	0.2293	0.8779	2.156	1.392	0.164
6	6:36647680	36647680	C	ADD	1838	0.8476	0.1263	0.6618	1.086	-1.309	0.1905
15	15:63737925	63737925	G	ADD	1838	0.5409	0.4981	0.2038	1.436	-1.234	0.2173
3	3:122738307	122738307	G	ADD	1838	1.225	0.1665	0.8837	1.697	1.217	0.2235
14	14:93412031	93412031	C	ADD	1838	1.77	0.4699	0.7048	4.447	1.216	0.2242
8	8:126478350	126478350	C	ADD	1838	1.146	0.12	0.9055	1.449	1.132	0.2574
15	15:58727325	58727325	A	ADD	1838	1.177	0.1465	0.8836	1.569	1.115	0.2648
19	19:45247627	45247627	G	ADD	1838	0.7416	0.2689	0.4378	1.256	-1.112	0.2662
10	10:114756041	114756041	T	ADD	1838	0.8706	0.1273	0.6784	1.117	-1.089	0.2761
21	21:42835494	42835494	A	ADD	1838	0.6446	0.4408	0.2717	1.529	-0.9961	0.3192
9	9:136151806	136151806	C	ADD	1838	0.8876	0.1476	0.6646	1.185	-0.8078	0.4192
8	8:19866274	19866274	A	ADD	1838	1.105	0.137	0.8445	1.445	0.7267	0.4674
2	2:146878532	146878532	T	ADD	1838	0.7451	0.417	0.329	1.687	-0.7055	0.4805
2	2:21399216	21399216	G	ADD	1838	1.113	0.154	0.8228	1.505	0.6933	0.4881
11	11:122880281	122880281	A	ADD	1838	0.7327	0.4888	0.2811	1.91	-0.6363	0.5246
2	2:27635463	27635463	A	ADD	1838	1.083	0.1326	0.8351	1.404	0.6007	0.5481
6	6:161013013	161013013	C	ADD	1838	0.7113	0.7059	0.1783	2.838	-0.4826	0.6294
2	2:21288321	21288321	A	ADD	1838	1.081	0.1616	0.7873	1.484	0.4804	0.6309
2	2:27486595	27486595	C	ADD	1838	0.8914	0.2664	0.5288	1.503	-0.4315	0.6661
6	6:161005610	161005610	T	ADD	1838	1.098	0.2169	0.7178	1.68	0.4313	0.6663
5	5:74879890	74879890	A	ADD	1838	0.9491	0.1235	0.745	1.209	-0.4225	0.6726
11	11:116648917	116648917	G	ADD	1838	1.081	0.185	0.752	1.553	0.4195	0.6749
16	16:53806453	53806453	G	ADD	1838	0.9553	0.1252	0.7474	1.221	-0.3655	0.7148
10	10:27258670	27258670	C	ADD	1838	0.8679	0.4135	0.3859	1.952	-0.3426	0.7319
10	10:75417249	75417249	C	ADD	1838	1.057	0.1636	0.767	1.457	0.3386	0.7349
5	5:137012171	137012171	A	ADD	1838	1.05	0.1491	0.7843	1.407	0.3301	0.7413
19	19:19407718	19407718	C	ADD	1838	1.079	0.2438	0.6693	1.74	0.3124	0.7547
5	5:74625487	74625487	A	ADD	1838	0.9647	0.1226	0.7587	1.227	-0.2934	0.7692
7	7:73052057	73052057	A	ADD	1838	0.9551	0.1677	0.6875	1.327	-0.2739	0.7842
19	19:45422946	45422946	G	ADD	1838	1.041	0.1489	0.7777	1.394	0.2708	0.7865
4	4:111704199	111704199	T	ADD	1838	1.054	0.1983	0.7142	1.554	0.263	0.7926
7	7:72877166	72877166	C	ADD	1838	0.963	0.1674	0.6936	1.337	-0.2251	0.8219
16	16:53820527	53820527	A	ADD	1838	0.9761	0.1257	0.763	1.249	-0.1927	0.8472
9	9:22100176	22100176	C	ADD	1838	1.023	0.1241	0.8023	1.305	0.185	0.8532
1	1:109818306	109818306	G	ADD	1838	0.9774	0.1427	0.739	1.293	-0.1601	0.8728
16	16:72996983	72996983	C	ADD	1838	1.08	0.5572	0.3624	3.22	0.1383	0.89
2	2:27741237	27741237	T	ADD	1838	0.9833	0.1255	0.7688	1.258	-0.1339	0.8935
5	5:74759183	74759183	A	ADD	1838	0.9855	0.1231	0.7742	1.254	-0.1187	0.9055
11	11:116908283	116908283	A	ADD	1838	1.026	0.2198	0.6666	1.578	0.1149	0.9086
1	1:109817838	109817838	T	ADD	1838	1.012	0.1427	0.7652	1.339	0.08483	0.9324
11	11:61570783	61570783	C	ADD	1838	0.9949	0.1262	0.7769	1.274	-0.04034	0.9678
